{"cameraMode":{"drawMode":0,"name":"Shaded","section":"Shading Mode"},"sceneLighting":true,"audioPlay":false,"sceneViewState":{"showFog":true,"showMaterialUpdate":false,"showSkybox":true,"showFlares":true,"showImageEffects":true,"showParticleSystems":true},"in2DMode":false,"pivot":{"x":4.143019199371338,"y":-2.91780424118042,"z":8.040570259094239},"rotation":{"x":-0.05986949801445007,"y":0.05895749479532242,"z":-0.003540582023561001,"w":-0.9964665174484253},"size":34.520484924316409,"orthographic":false}